{
  "hash": "8b0a1eb3",
  "configHash": "49b351b7",
  "lockfileHash": "933e3666",
  "browserHash": "ab1ef29d",
  "optimized": {
    "@angular/cdk/drag-drop": {
      "src": "../../../../../../node_modules/@angular/cdk/fesm2022/drag-drop.mjs",
      "file": "@angular_cdk_drag-drop.js",
      "fileHash": "09ce0894",
      "needsInterop": false
    },
    "@angular/cdk/scrolling": {
      "src": "../../../../../../node_modules/@angular/cdk/fesm2022/scrolling.mjs",
      "file": "@angular_cdk_scrolling.js",
      "fileHash": "1b048f5b",
      "needsInterop": false
    },
    "@angular/common": {
      "src": "../../../../../../node_modules/@angular/common/fesm2022/common.mjs",
      "file": "@angular_common.js",
      "fileHash": "5c8e5f41",
      "needsInterop": false
    },
    "@angular/common/http": {
      "src": "../../../../../../node_modules/@angular/common/fesm2022/http.mjs",
      "file": "@angular_common_http.js",
      "fileHash": "59e7e163",
      "needsInterop": false
    },
    "@angular/core": {
      "src": "../../../../../../node_modules/@angular/core/fesm2022/core.mjs",
      "file": "@angular_core.js",
      "fileHash": "fdb03f83",
      "needsInterop": false
    },
    "@angular/forms": {
      "src": "../../../../../../node_modules/@angular/forms/fesm2022/forms.mjs",
      "file": "@angular_forms.js",
      "fileHash": "a7130c4e",
      "needsInterop": false
    },
    "@angular/material/button": {
      "src": "../../../../../../node_modules/@angular/material/fesm2022/button.mjs",
      "file": "@angular_material_button.js",
      "fileHash": "77d9e76b",
      "needsInterop": false
    },
    "@angular/material/card": {
      "src": "../../../../../../node_modules/@angular/material/fesm2022/card.mjs",
      "file": "@angular_material_card.js",
      "fileHash": "a7502b35",
      "needsInterop": false
    },
    "@angular/material/checkbox": {
      "src": "../../../../../../node_modules/@angular/material/fesm2022/checkbox.mjs",
      "file": "@angular_material_checkbox.js",
      "fileHash": "4b121c1d",
      "needsInterop": false
    },
    "@angular/material/core": {
      "src": "../../../../../../node_modules/@angular/material/fesm2022/core.mjs",
      "file": "@angular_material_core.js",
      "fileHash": "37e7500d",
      "needsInterop": false
    },
    "@angular/material/datepicker": {
      "src": "../../../../../../node_modules/@angular/material/fesm2022/datepicker.mjs",
      "file": "@angular_material_datepicker.js",
      "fileHash": "e334b44b",
      "needsInterop": false
    },
    "@angular/material/dialog": {
      "src": "../../../../../../node_modules/@angular/material/fesm2022/dialog.mjs",
      "file": "@angular_material_dialog.js",
      "fileHash": "5eec8660",
      "needsInterop": false
    },
    "@angular/material/grid-list": {
      "src": "../../../../../../node_modules/@angular/material/fesm2022/grid-list.mjs",
      "file": "@angular_material_grid-list.js",
      "fileHash": "36b78d9e",
      "needsInterop": false
    },
    "@angular/material/icon": {
      "src": "../../../../../../node_modules/@angular/material/fesm2022/icon.mjs",
      "file": "@angular_material_icon.js",
      "fileHash": "eef70a92",
      "needsInterop": false
    },
    "@angular/material/input": {
      "src": "../../../../../../node_modules/@angular/material/fesm2022/input.mjs",
      "file": "@angular_material_input.js",
      "fileHash": "f6b7b457",
      "needsInterop": false
    },
    "@angular/material/list": {
      "src": "../../../../../../node_modules/@angular/material/fesm2022/list.mjs",
      "file": "@angular_material_list.js",
      "fileHash": "428a1dec",
      "needsInterop": false
    },
    "@angular/material/menu": {
      "src": "../../../../../../node_modules/@angular/material/fesm2022/menu.mjs",
      "file": "@angular_material_menu.js",
      "fileHash": "900814cb",
      "needsInterop": false
    },
    "@angular/material/paginator": {
      "src": "../../../../../../node_modules/@angular/material/fesm2022/paginator.mjs",
      "file": "@angular_material_paginator.js",
      "fileHash": "2b6a016c",
      "needsInterop": false
    },
    "@angular/material/progress-spinner": {
      "src": "../../../../../../node_modules/@angular/material/fesm2022/progress-spinner.mjs",
      "file": "@angular_material_progress-spinner.js",
      "fileHash": "739578d9",
      "needsInterop": false
    },
    "@angular/material/radio": {
      "src": "../../../../../../node_modules/@angular/material/fesm2022/radio.mjs",
      "file": "@angular_material_radio.js",
      "fileHash": "b06ec06e",
      "needsInterop": false
    },
    "@angular/material/select": {
      "src": "../../../../../../node_modules/@angular/material/fesm2022/select.mjs",
      "file": "@angular_material_select.js",
      "fileHash": "aafc6767",
      "needsInterop": false
    },
    "@angular/material/sidenav": {
      "src": "../../../../../../node_modules/@angular/material/fesm2022/sidenav.mjs",
      "file": "@angular_material_sidenav.js",
      "fileHash": "0ddcb3e4",
      "needsInterop": false
    },
    "@angular/material/slider": {
      "src": "../../../../../../node_modules/@angular/material/fesm2022/slider.mjs",
      "file": "@angular_material_slider.js",
      "fileHash": "7a6c0ee2",
      "needsInterop": false
    },
    "@angular/material/sort": {
      "src": "../../../../../../node_modules/@angular/material/fesm2022/sort.mjs",
      "file": "@angular_material_sort.js",
      "fileHash": "0f8d7686",
      "needsInterop": false
    },
    "@angular/material/stepper": {
      "src": "../../../../../../node_modules/@angular/material/fesm2022/stepper.mjs",
      "file": "@angular_material_stepper.js",
      "fileHash": "4c369d0c",
      "needsInterop": false
    },
    "@angular/material/table": {
      "src": "../../../../../../node_modules/@angular/material/fesm2022/table.mjs",
      "file": "@angular_material_table.js",
      "fileHash": "9f1324f8",
      "needsInterop": false
    },
    "@angular/material/tabs": {
      "src": "../../../../../../node_modules/@angular/material/fesm2022/tabs.mjs",
      "file": "@angular_material_tabs.js",
      "fileHash": "b4ec8f6d",
      "needsInterop": false
    },
    "@angular/material/toolbar": {
      "src": "../../../../../../node_modules/@angular/material/fesm2022/toolbar.mjs",
      "file": "@angular_material_toolbar.js",
      "fileHash": "18f608c9",
      "needsInterop": false
    },
    "@angular/material/tooltip": {
      "src": "../../../../../../node_modules/@angular/material/fesm2022/tooltip.mjs",
      "file": "@angular_material_tooltip.js",
      "fileHash": "abd6f33a",
      "needsInterop": false
    },
    "@angular/material/tree": {
      "src": "../../../../../../node_modules/@angular/material/fesm2022/tree.mjs",
      "file": "@angular_material_tree.js",
      "fileHash": "a2d8cc70",
      "needsInterop": false
    },
    "@angular/platform-browser": {
      "src": "../../../../../../node_modules/@angular/platform-browser/fesm2022/platform-browser.mjs",
      "file": "@angular_platform-browser.js",
      "fileHash": "ba1f1c94",
      "needsInterop": false
    },
    "@angular/platform-browser/animations": {
      "src": "../../../../../../node_modules/@angular/platform-browser/fesm2022/animations.mjs",
      "file": "@angular_platform-browser_animations.js",
      "fileHash": "360aed41",
      "needsInterop": false
    },
    "@angular/router": {
      "src": "../../../../../../node_modules/@angular/router/fesm2022/router.mjs",
      "file": "@angular_router.js",
      "fileHash": "1551708e",
      "needsInterop": false
    },
    "rxjs/operators": {
      "src": "../../../../../../node_modules/rxjs/_esm5/operators/index.js",
      "file": "rxjs_operators.js",
      "fileHash": "d66c51af",
      "needsInterop": false
    },
    "@angular/material/form-field": {
      "src": "../../../../../../node_modules/@angular/material/fesm2022/form-field.mjs",
      "file": "@angular_material_form-field.js",
      "fileHash": "2107fc12",
      "needsInterop": false
    },
    "@angular/cdk/text-field": {
      "src": "../../../../../../node_modules/@angular/cdk/fesm2022/text-field.mjs",
      "file": "@angular_cdk_text-field.js",
      "fileHash": "9708d90d",
      "needsInterop": false
    },
    "rxjs": {
      "src": "../../../../../../node_modules/rxjs/_esm5/index.js",
      "file": "rxjs.js",
      "fileHash": "7d204f8e",
      "needsInterop": false
    },
    "@angular/cdk/collections": {
      "src": "../../../../../../node_modules/@angular/cdk/fesm2022/collections.mjs",
      "file": "@angular_cdk_collections.js",
      "fileHash": "35671029",
      "needsInterop": false
    },
    "@angular/cdk/layout": {
      "src": "../../../../../../node_modules/@angular/cdk/fesm2022/layout.mjs",
      "file": "@angular_cdk_layout.js",
      "fileHash": "592d2689",
      "needsInterop": false
    },
    "@angular/cdk/tree": {
      "src": "../../../../../../node_modules/@angular/cdk/fesm2022/tree.mjs",
      "file": "@angular_cdk_tree.js",
      "fileHash": "81798a9d",
      "needsInterop": false
    }
  },
  "chunks": {
    "chunk-NRPMLTGJ": {
      "file": "chunk-NRPMLTGJ.js"
    },
    "chunk-C2X5YNBG": {
      "file": "chunk-C2X5YNBG.js"
    },
    "chunk-3MWJGMPS": {
      "file": "chunk-3MWJGMPS.js"
    },
    "chunk-EG6C7UQL": {
      "file": "chunk-EG6C7UQL.js"
    },
    "chunk-7QTE6ZYA": {
      "file": "chunk-7QTE6ZYA.js"
    },
    "chunk-BPIBRXVB": {
      "file": "chunk-BPIBRXVB.js"
    },
    "chunk-OJZUL4Z6": {
      "file": "chunk-OJZUL4Z6.js"
    },
    "chunk-OLDCQXNB": {
      "file": "chunk-OLDCQXNB.js"
    },
    "chunk-LNTDLZYQ": {
      "file": "chunk-LNTDLZYQ.js"
    },
    "chunk-HFRDBXKZ": {
      "file": "chunk-HFRDBXKZ.js"
    },
    "chunk-BGKDUTL5": {
      "file": "chunk-BGKDUTL5.js"
    },
    "chunk-FAJDLT27": {
      "file": "chunk-FAJDLT27.js"
    },
    "chunk-W2CZ2QHU": {
      "file": "chunk-W2CZ2QHU.js"
    },
    "chunk-MU7RGPAJ": {
      "file": "chunk-MU7RGPAJ.js"
    },
    "chunk-43F2C7Y4": {
      "file": "chunk-43F2C7Y4.js"
    },
    "chunk-CGSDC6PG": {
      "file": "chunk-CGSDC6PG.js"
    },
    "chunk-SGTQQ7RN": {
      "file": "chunk-SGTQQ7RN.js"
    },
    "chunk-G5LQ7BOM": {
      "file": "chunk-G5LQ7BOM.js"
    },
    "chunk-Y23LKDWQ": {
      "file": "chunk-Y23LKDWQ.js"
    },
    "chunk-3N4QCVNF": {
      "file": "chunk-3N4QCVNF.js"
    },
    "chunk-JRJSV4XM": {
      "file": "chunk-JRJSV4XM.js"
    },
    "chunk-ICVCCBBG": {
      "file": "chunk-ICVCCBBG.js"
    },
    "chunk-P3HFI4LE": {
      "file": "chunk-P3HFI4LE.js"
    },
    "chunk-OGRDD3DK": {
      "file": "chunk-OGRDD3DK.js"
    },
    "chunk-JIUJBXTE": {
      "file": "chunk-JIUJBXTE.js"
    },
    "chunk-T4ICZ2AZ": {
      "file": "chunk-T4ICZ2AZ.js"
    },
    "chunk-55RBBVZ3": {
      "file": "chunk-55RBBVZ3.js"
    },
    "chunk-UCLVMFV5": {
      "file": "chunk-UCLVMFV5.js"
    }
  }
}